{"Training Loss": 3.491686774235146, "Training CER": 1.0, "Training WER": 0.9639270624840579, "_timestamp": 1714526714.7356963, "_runtime": 163.2865002155304, "_step": 61, "Evaluation Loss": 3.502978232599074, "Evaluation CER": 1.0, "Evaluation WER": 0.9667619735677894}