{"Training Loss": 1.4900254561350896, "Training CER": 0.8688793937882503, "Training WER": 0.9937280141175117, "_timestamp": 1714526386.823618, "_runtime": 917.6282198429108, "_step": 358, "Evaluation Loss": 1.637778405220278, "Evaluation CER": 0.9742498976183651, "Evaluation WER": 0.9888169997008786}