{"Training Loss": 5.043152748233211, "Training CER": 0.997759732653861, "Training WER": 0.9677149044063578, "_timestamp": 1714525440.6118567, "_runtime": 117.91232776641846, "_step": 41}