{"Training Loss": 3.48525809472607, "Training CER": 1.0, "Training WER": 0.963245838918288, "_timestamp": 1714525249.1171868, "_runtime": 308.7907347679138, "_step": 115, "Evaluation Loss": 3.509548871747909, "Evaluation CER": 1.0, "Evaluation WER": 0.967396474058196}